Workbook

Sheet PROYECTOS
C1: SERVICIO NACIONAL DE APRENDIZAJE CENTRO DE SERVICIOS EMPRESARIALES Y TURÍSTICOS ANÁLISIS Y DESARROLLO DE SOFTWARE - ADSO GRUPO 2993128
A5: # | B5: NOMBRE | C5: ALCANCE | D5: INTEGRANTES | E5: Avance | F5: TESTING
F6: Prueba | G6: REQUERIMIENTOS | H6: CASOS DE USO | I6: MODELO RELACIONAL | J6: CÓDIGO FTE. | K6: STORED PROC. | L6: SEGURIDAD | M6: DOCUMENTACIÓN | N6: DISEÑO
A7: 1 | B7: SPECIALIZED | C7: Gestión estandarizado de Inventarios | D7: JUAN ESTEBAN BARRIOS BAUTISTA | E7: 0.32
D8: YULVIN SANTIAGO CALDERON SIERRA
A9: 2 | B9: RDWATCH | C9: Sistema de gestión de trading de relojería | D9: FRANZ ANDERSON VALERO GOMEZ | E9: 0.44
D10: JUAN SEBASTIAN DURAN CORZO
A11: 3 | B11: MAICONNECT | C11: Sistema de gestión de trading de MaiShop | D11: MAIRA ALEJANDRA SIERRA DAVID | E11: 0.37
A12: 4 | B12: DINARES | C12: Sistema de gestión de restaurante Panachis | D12: NICOLAS VALENZUELA ASCANIO | E12: 0.42
A13: 5 | B13: PENDIENTE | C13: Algún ára del Calzado | D13: DAVID SEBASTIAN MARTINEZ CHAVES
A14: 6 | B14: CONVERLANG | C14: Sistema de gestión de aprendizaje de idiomas | D14: JUAN DAVID CABALLERO FUENTES | E14: 0.68
D15: NEIL SAID MALDONADO SANTIAGO
A16: 7 | B16: VIVA | C16: Sistema de Trading Artesanal | D16: GERSON LEVI AZA ORTIZ | E16: 0.36
A17: 8 | B17: BUCARABUS | C17: Sistema de gestión de rutas de bus urbano | D17: DOYLER AMILKAR LASTRE REINEL | E17: 0.41
A18: 9 | B18: DEDUMSOFT | C18: Sistema de gestión de orfebrería | D18: CARLOS STIVER JAUREGUI JIMENEZ | E18: 0.3
D19: LEONAR FABIAN ARIZA SOTO
A20: 10 | B20: PROTEGO | C20: Sistema de gestión SST | D20: JHON STEVEN DELGADO MUÑOZ | E20: 0.1
D21: JHOSEPH SAMUEL MARTINEZ GIL

Sheet 1-IMPLEMENTACIÓN - RAP 1
A1: SERVICIO NACIONAL DE APRENDIZAJE REGIONAL SANTANDER - CENTRO DE SERVICIOS EMPRESARIALES Y TURÍSTICOS TECNOLOGÍA EN ANÁLISIS Y DESARROLLO DE SOFTWARE - ADSO DESARROLLAR SOLUCIÓN, CONTROLAR LA CALIDAD E IMPLEMENTAR LA LA SOLUCIÓN DE SOFTWARE 2026
A6: Ficha | B6: 2993128 | C6: To Analisis y Desarrollo de Software | E6: Fase | F6: Evaluación | G6: Instructor | I6: CARLOS EDUARDO PEREZ RUEDA
A7: Competencia | C7: 38356 - Implementar la solución de software de acuerdo con los requisitos de operación y modelos de referencia
A8: Resultado Aprendizaje | C8: 593111 - 01 PLANEAR ACTIVIDADES DE IMPLANTACIÓN DEL SOFTWARE DE ACUERDO CON LAS CONDICIONES DEL SISTEMA.
A9: PLAN DE TRABAJO | D9: ACTIVIDAD 1 | F9: ACTIVIDAD 2 | H9: ACTIVIDAD 3 | J9: ACTIVIDAD 4 | L9: ACTIVIDAD 5
D10: Preparación de Solución en Ambiente C/S | F10: Pruebas de Funcionalidad General | H10: Prueba de Conocimiento | J10: Prueba de Desempeño | L10: Ponencia Parcial Proyecto
A11: N° | B11: Doc | C11: Nombre | D11: FECHA | E11: A/D | F11: FECHA | G11: A/D | H11: FECHA | I11: A/D | J11: FECHA | K11: A/D | L11: FECHA | M11: A/D
A12: 1 | B12: 1098805906 | C12: CARLOS STIVER JAUREGUI JIMENEZ | D12: 46051 | E12: A | F12: =D$12+7 -> 46058 | G12: D | H12: =F12+2 -> 46060 | J12: =H12+1 -> 46061 | L12: =J12+1 -> 46062
A13: 2 | B13: 1095838804 | C13: DAVID SEBASTIAN MARTINEZ CHAVES | D13: 46051 | E13: D | F13: =D$12+7 -> 46058 | H13: =F13+2 -> 46060 | J13: =H13+1 -> 46061 | L13: =J13+1 -> 46062
A14: 3 | B14: 1050547441 | C14: DOYLER AMILKAR LASTRE REINEL | D14: 46051 | E14: A | F14: =D$12+7 -> 46058 | H14: =F14+2 -> 46060 | J14: =H14+1 -> 46061 | L14: =J14+1 -> 46062
A15: 4 | B15: 1095814477 | C15: FRANZ ANDERSON VALERO GOMEZ | D15: 46051 | E15: A | F15: =D$12+7 -> 46058 | G15: A | H15: =F15+2 -> 46060 | J15: =H15+1 -> 46061 | L15: =J15+1 -> 46062
A16: 5 | B16: 1004912749 | C16: GERSON LEVI AZA ORTIZ | D16: 46051 | E16: A | F16: =D$12+7 -> 46058 | H16: =F16+2 -> 46060 | J16: =H16+1 -> 46061 | L16: =J16+1 -> 46062
A17: 6 | B17: 1097496752 | C17: JHON STEVEN DELGADO MUÑOZ | D17: 46051 | E17: A | F17: =D$12+7 -> 46058 | H17: =F17+2 -> 46060 | J17: =H17+1 -> 46061 | L17: =J17+1 -> 46062
A18: 7 | B18: 1097912512 | C18: JHOSEPH SAMUEL MARTINEZ GIL | D18: 46051 | E18: A | F18: =D$12+7 -> 46058 | H18: =F18+2 -> 46060 | J18: =H18+1 -> 46061 | L18: =J18+1 -> 46062
A19: 8 | B19: 1007669080 | C19: JUAN DAVID CABALLERO FUENTES | D19: 46051 | E19: A | F19: =D$12+7 -> 46058 | G19: A | H19: =F19+2 -> 46060 | J19: =H19+1 -> 46061 | L19: =J19+1 -> 46062
A20: 9 | B20: 1097782785 | C20: JUAN ESTEBAN BARRIOS BAUTISTA | D20: 46051 | E20: A | F20: =D$12+7 -> 46058 | G20: A | H20: =F20+2 -> 46060 | J20: =H20+1 -> 46061 | L20: =J20+1 -> 46062
A21: 10 | B21: 1005150095 | C21: JUAN SEBASTIAN DURAN CORZO | D21: 46051 | E21: A | F21: =D$12+7 -> 46058 | G21: A | H21: =F21+2 -> 46060 | J21: =H21+1 -> 46061 | L21: =J21+1 -> 46062
A22: 11 | B22: 1102356440 | C22: LEONAR FABIAN ARIZA SOTO | D22: 46051 | E22: A | F22: =D$12+7 -> 46058 | G22: D | H22: =F22+2 -> 46060 | J22: =H22+1 -> 46061 | L22: =J22+1 -> 46062
A23: 12 | B23: 1103672243 | C23: MAIRA ALEJANDRA SIERRA DAVID | D23: 46051 | E23: A | F23: =D$12+7 -> 46058 | H23: =F23+2 -> 46060 | J23: =H23+1 -> 46061 | L23: =J23+1 -> 46062
A24: 13 | B24: 1004945055 | C24: NEIL SAID MALDONADO SANTIAGO | D24: 46051 | E24: A | F24: =D$12+7 -> 46058 | G24: A | H24: =F24+2 -> 46060 | J24: =H24+1 -> 46061 | L24: =J24+1 -> 46062
A25: 14 | B25: 1005373507 | C25: NICOLAS VALENZUELA ASCANIO | D25: 46051 | E25: A | F25: =D$12+7 -> 46058 | G25: A | H25: =F25+2 -> 46060 | J25: =H25+1 -> 46061 | L25: =J25+1 -> 46062
A26: 15 | B26: 1099736902 | C26: YULVIN SANTIAGO CALDERON SIERRA | D26: 46051 | E26: A | F26: =D$12+7 -> 46058 | G26: A | H26: =F26+2 -> 46060 | J26: =H26+1 -> 46061 | L26: =J26+1 -> 46062

Sheet 2-DESARROLLAR SOLUCIÓN - RAP 3
A1: SERVICIO NACIONAL DE APRENDIZAJE REGIONAL SANTANDER - CENTRO DE SERVICIOS EMPRESARIALES Y TURÍSTICOS TECNOLOGÍA EN ANÁLISIS Y DESARROLLO DE SOFTWARE - ADSO DESARROLLAR SOLUCIÓN, CONTROLAR LA CALIDAD E IMPLEMENTAR LA LA SOLUCIÓN DE SOFTWARE 2026
A6: Ficha | B6: 2993128 | C6: To Analisis y Desarrollo de Software | E6: Fase | F6: Evaluación | G6: Instructor | I6: CARLOS EDUARDO PEREZ RUEDA
A7: Competencia | C7: 38368 - DESARROLLAR LA SOLUCIÓN DE SOFTWARE DE ACUERDO CON EL DISEÑO Y METODOLOGÍAS DE DESARROLLO
A8: Resultado Aprendizaje | C8: 593105 - 05 REALIZAR PRUEBAS AL SOFTWARE PARA VERIFICAR SU FUNCIONALIDAD.
A9: PLAN DE TRABAJO | D9: ACTIVIDAD 1 | F9: ACTIVIDAD 2 | H9: ACTIVIDAD 3 | J9: ACTIVIDAD 4 | L9: ACTIVIDAD 5
D10: Planear las Pruebas (Informe) | F10: Pruebas Caja Blanca | H10: Pruebas Caja Negra | J10: Pruebas Rendimiento y Estrés | L10: Informe de Elaboración y Resultado
A11: N° | B11: Doc | C11: Nombre | D11: FECHA | E11: A/D | F11: FECHA | G11: A/D | H11: FECHA | I11: A/D | J11: FECHA | K11: A/D | L11: FECHA | M11: A/D
A12: 1 | B12: 1098805906 | C12: CARLOS STIVER JAUREGUI JIMENEZ | D12: 46063 | F12: =$D12+1 -> 46064 | H12: =F12+5 -> 46069 | J12: =H12+5 -> 46074 | L12: =J12+3 -> 46077
A13: 2 | B13: 1095838804 | C13: DAVID SEBASTIAN MARTINEZ CHAVES | D13: 46063 | F13: =$D13+1 -> 46064 | H13: =F13+5 -> 46069 | J13: =H13+5 -> 46074 | L13: =J13+3 -> 46077
A14: 3 | B14: 1050547441 | C14: DOYLER AMILKAR LASTRE REINEL | D14: 46063 | F14: =$D14+1 -> 46064 | H14: =F14+5 -> 46069 | J14: =H14+5 -> 46074 | L14: =J14+3 -> 46077
A15: 4 | B15: 1095814477 | C15: FRANZ ANDERSON VALERO GOMEZ | D15: 46063 | F15: =$D15+1 -> 46064 | H15: =F15+5 -> 46069 | J15: =H15+5 -> 46074 | L15: =J15+3 -> 46077
A16: 5 | B16: 1004912749 | C16: GERSON LEVI AZA ORTIZ | D16: 46063 | F16: =$D16+1 -> 46064 | H16: =F16+5 -> 46069 | J16: =H16+5 -> 46074 | L16: =J16+3 -> 46077
A17: 6 | B17: 1097496752 | C17: JHON STEVEN DELGADO MUÑOZ | D17: 46063 | F17: =$D17+1 -> 46064 | H17: =F17+5 -> 46069 | J17: =H17+5 -> 46074 | L17: =J17+3 -> 46077
A18: 7 | B18: 1097912512 | C18: JHOSEPH SAMUEL MARTINEZ GIL | D18: 46063 | F18: =$D18+1 -> 46064 | H18: =F18+5 -> 46069 | J18: =H18+5 -> 46074 | L18: =J18+3 -> 46077
A19: 8 | B19: 1007669080 | C19: JUAN DAVID CABALLERO FUENTES | D19: 46063 | F19: =$D19+1 -> 46064 | H19: =F19+5 -> 46069 | J19: =H19+5 -> 46074 | L19: =J19+3 -> 46077
A20: 9 | B20: 1097782785 | C20: JUAN ESTEBAN BARRIOS BAUTISTA | D20: 46063 | F20: =$D20+1 -> 46064 | H20: =F20+5 -> 46069 | J20: =H20+5 -> 46074 | L20: =J20+3 -> 46077
A21: 10 | B21: 1005150095 | C21: JUAN SEBASTIAN DURAN CORZO | D21: 46063 | F21: =$D21+1 -> 46064 | H21: =F21+5 -> 46069 | J21: =H21+5 -> 46074 | L21: =J21+3 -> 46077
A22: 11 | B22: 1102356440 | C22: LEONAR FABIAN ARIZA SOTO | D22: 46063 | F22: =$D22+1 -> 46064 | H22: =F22+5 -> 46069 | J22: =H22+5 -> 46074 | L22: =J22+3 -> 46077
A23: 12 | B23: 1103672243 | C23: MAIRA ALEJANDRA SIERRA DAVID | D23: 46063 | F23: =$D23+1 -> 46064 | H23: =F23+5 -> 46069 | J23: =H23+5 -> 46074 | L23: =J23+3 -> 46077
... A26: 15 | B26: 1099736902 | C26: YULVIN SANTIAGO CALDERON SIERRA | D26: 46063 | F26: =$D26+1 -> 46064 | H26: =F26+5 -> 46069 | J26: =H26+5 -> 46074 | L26: =J26+3 -> 46077

Sheet 3-IMPLEMENTACIÓN - RAP 2
A1: SERVICIO NACIONAL DE APRENDIZAJE REGIONAL SANTANDER - CENTRO DE SERVICIOS EMPRESARIALES Y TURÍSTICOS TECNOLOGÍA EN ANÁLISIS Y DESARROLLO DE SOFTWARE - ADSO DESARROLLAR SOLUCIÓN, CONTROLAR LA CALIDAD E IMPLEMENTAR LA LA SOLUCIÓN DE SOFTWARE 2026
A6: Ficha | B6: 2993128 | C6: To Analisis y Desarrollo de Software | E6: Fase | F6: Evaluación | G6: Instructor | I6: CARLOS EDUARDO PEREZ RUEDA
A7: Competencia | C7: 38356 - Implementar la solución de software de acuerdo con los requisitos de operación y modelos de referencia
A8: Resultado Aprendizaje | C8: 593110 - 02 DESPLEGAR EL SOFTWARE DE ACUERDO CON LA ARQUITECTURA Y LAS POLÍTICAS ESTABLECIDAS.
A9: PLAN DE TRABAJO | D9: ACTIVIDAD 1 | F9: ACTIVIDAD 2 | H9: ACTIVIDAD 3 | J9: ACTIVIDAD 4 | L9: ACTIVIDAD 5
D10: Revisión y Aprobación FRONT END | F10: Revisión y Aprobación BACK END | H10: Prueba de Conocimiento | J10: Prueba de Desempeño | L10: Ponencia Parcial Proyecto
A11: N° | B11: Doc | C11: Nombre | D11: FECHA | E11: A/D | F11: FECHA | G11: A/D | H11: FECHA | I11: A/D | J11: FECHA | K11: A/D | L11: FECHA | M11: A/D
A12: 1 | B12: 1098805906 | C12: CARLOS STIVER JAUREGUI JIMENEZ | D12: ='2-DESARROLLAR SOLUCIÓN - RAP 3'!L12+1 -> 46078 | F12: =D12+5 -> 46083 | H12: =F12+3 -> 46086 | J12: =H12+4 -> 46090 | L12: =J12+5 -> 46095
A13: 2 | B13: 1095838804 | C13: DAVID SEBASTIAN MARTINEZ CHAVES | D13: ='2-DESARROLLAR SOLUCIÓN - RAP 3'!L13+1 -> 46078 | F13: =D13+5 -> 46083 | H13: =F13+3 -> 46086 | J13: =H13+4 -> 46090 | L13: =J13+5 -> 46095
A14: 3 | B14: 1050547441 | C14: DOYLER AMILKAR LASTRE REINEL | D14: ='2-DESARROLLAR SOLUCIÓN - RAP 3'!L14+1 -> 46078 | F14: =D14+5 -> 46083 | H14: =F14+3 -> 46086 | J14: =H14+4 -> 46090 | L14: =J14+5 -> 46095
A15: 4 | B15: 1095814477 | C15: FRANZ ANDERSON VALERO GOMEZ | D15: ='2-DESARROLLAR SOLUCIÓN - RAP 3'!L15+1 -> 46078 | F15: =D15+5 -> 46083 | H15: =F15+3 -> 46086 | J15: =H15+4 -> 46090 | L15: =J15+5 -> 46095
A16: 5 | B16: 1004912749 | C16: GERSON LEVI AZA ORTIZ | D16: ='2-DESARROLLAR SOLUCIÓN - RAP 3'!L16+1 -> 46078 | F16: =D16+5 -> 46083 | H16: =F16+3 -> 46086 | J16: =H16+4 -> 46090 | L16: =J16+5 -> 46095
A17: 6 | B17: 1097496752 | C17: JHON STEVEN DELGADO MUÑOZ | D17: ='2-DESARROLLAR SOLUCIÓN - RAP 3'!L17+1 -> 46078 | F17: =D17+5 -> 46083 | H17: =F17+3 -> 46086 | J17: =H17+4 -> 46090 | L17: =J17+5 -> 46095
A18: 7 | B18: 1097912512 | C18: JHOSEPH SAMUEL MARTINEZ GIL | D18: ='2-DESARROLLAR SOLUCIÓN - RAP 3'!L18+1 -> 46078 | F18: =D18+5 -> 46083 | H18: =F18+3 -> 46086 | J18: =H18+4 -> 46090 | L18: =J18+5 -> 46095
A19: 8 | B19: 1007669080 | C19: JUAN DAVID CABALLERO FUENTES | D19: ='2-DESARROLLAR SOLUCIÓN - RAP 3'!L19+1 -> 46078 | F19: =D19+5 -> 46083 | H19: =F19+3 -> 46086 | J19: =H19+4 -> 46090 | L19: =J19+5 -> 46095
A20: 9 | B20: 1097782785 | C20: JUAN ESTEBAN BARRIOS BAUTISTA | D20: ='2-DESARROLLAR SOLUCIÓN - RAP 3'!L20+1 -> 46078 | F20: =D20+5 -> 46083 | H20: =F20+3 -> 46086 | J20: =H20+4 -> 46090 | L20: =J20+5 -> 46095
A21: 10 | B21: 1005150095 | C21: JUAN SEBASTIAN DURAN CORZO | D21: ='2-DESARROLLAR SOLUCIÓN - RAP 3'!L21+1 -> 46078 | F21: =D21+5 -> 46083 | H21: =F21+3 -> 46086 | J21: =H21+4 -> 46090 | L21: =J21+5 -> 46095
A22: 11 | B22: 1102356440 | C22: LEONAR FABIAN ARIZA SOTO | D22: ='2-DESARROLLAR SOLUCIÓN - RAP 3'!L22+1 -> 46078 | F22: =D22+5 -> 46083 | H22: =F22+3 -> 46086 | J22: =H22+4 -> 46090 | L22: =J22+5 -> 46095
A23: 12 | B23: 1103672243 | C23: MAIRA ALEJANDRA SIERRA DAVID | D23: ='2-DESARROLLAR SOLUCIÓN - RAP 3'!L23+1 -> 46078 | F23: =D23+5 -> 46083 | H23: =F23+3 -> 46086 | J23: =H23+4 -> 46090 | L23: =J23+5 -> 46095
... A26: 15 | B26: 1099736902 | C26: YULVIN SANTIAGO CALDERON SIERRA | D26: ='2-DESARROLLAR SOLUCIÓN - RAP 3'!L26+1 -> 46078 | F26: =D26+5 -> 46083 | H26: =F26+3 -> 46086 | J26: =H26+4 -> 46090 | L26: =J26+5 -> 46095

Sheet 4-IMPLEMENTACIÓN - RAP 3
A1: SERVICIO NACIONAL DE APRENDIZAJE REGIONAL SANTANDER - CENTRO DE SERVICIOS EMPRESARIALES Y TURÍSTICOS TECNOLOGÍA EN ANÁLISIS Y DESARROLLO DE SOFTWARE - ADSO DESARROLLAR SOLUCIÓN, CONTROLAR LA CALIDAD E IMPLEMENTAR LA LA SOLUCIÓN DE SOFTWARE 2026
A6: Ficha | B6: 2993128 | C6: To Analisis y Desarrollo de Software | E6: Fase | F6: Evaluación | G6: Instructor | I6: CARLOS EDUARDO PEREZ RUEDA
A7: Competencia | C7: 38356 - Implementar la solución de software de acuerdo con los requisitos de operación y modelos de referencia
A8: Resultado Aprendizaje | C8: 593109 - 03 DOCUMENTAR EL PROCESO DE IMPLANTACIÓN DE SOFTWARE SIGUIENDO ESTÁNDARES DE CALIDAD.
A9: PLAN DE TRABAJO | D9: ACTIVIDAD 1 | F9: ACTIVIDAD 2 | H9: ACTIVIDAD 3 | J9: ACTIVIDAD 4 | L9: ACTIVIDAD 5
D10: Manual Técnico y Diccionario de Datos | F10: Manual de usuario (Tutorial) | H10: Requisitos Legales DNDA | J10: Prueba de Desempeño | L10: Ponencia Parcial Proyecto
A11: N° | B11: Doc | C11: Nombre | D11: FECHA | E11: A/D | F11: FECHA | G11: A/D | H11: FECHA | I11: A/D | J11: FECHA | K11: A/D | L11: FECHA | M11: A/D
A12: 1 | B12: 1098805906 | C12: CARLOS STIVER JAUREGUI JIMENEZ | D12: ='3-IMPLEMENTACIÓN - RAP 2'!L12+2 -> 46097 | F12: =D12+4 -> 46101 | H12: =F12+5 -> 46106 | J12: =H12+2 -> 46108 | L12: =J12+1 -> 46109
A13: 2 | B13: 1095838804 | C13: DAVID SEBASTIAN MARTINEZ CHAVES | D13: ='3-IMPLEMENTACIÓN - RAP 2'!L13+2 -> 46097 | F13: =D13+4 -> 46101 | H13: =F13+5 -> 46106 | J13: =H13+2 -> 46108 | L13: =J13+1 -> 46109
A14: 3 | B14: 1050547441 | C14: DOYLER AMILKAR LASTRE REINEL | D14: ='3-IMPLEMENTACIÓN - RAP 2'!L14+2 -> 46097 | F14: =D14+4 -> 46101 | H14: =F14+5 -> 46106 | J14: =H14+2 -> 46108 | L14: =J14+1 -> 46109
A15: 4 | B15: 1095814477 | C15: FRANZ ANDERSON VALERO GOMEZ | D15: ='3-IMPLEMENTACIÓN - RAP 2'!L15+2 -> 46097 | F15: =D15+4 -> 46101 | H15: =F15+5 -> 46106 | J15: =H15+2 -> 46108 | L15: =J15+1 -> 46109
A16: 5 | B16: 1004912749 | C16: GERSON LEVI AZA ORTIZ | D16: ='3-IMPLEMENTACIÓN - RAP 2'!L16+2 -> 46097 | F16: =D16+4 -> 46101 | H16: =F16+5 -> 46106 | J16: =H16+2 -> 46108 | L16: =J16+1 -> 46109
A17: 6 | B17: 1097496752 | C17: JHON STEVEN DELGADO MUÑOZ | D17: ='3-IMPLEMENTACIÓN - RAP 2'!L17+2 -> 46097 | F17: =D17+4 -> 46101 | H17: =F17+5 -> 46106 | J17: =H17+2 -> 46108 | L17: =J17+1 -> 46109
A18: 7 | B18: 1097912512 | C18: JHOSEPH SAMUEL MARTINEZ GIL | D18: ='3-IMPLEMENTACIÓN - RAP 2'!L18+2 -> 46097 | F18: =D18+4 -> 46101 | H18: =F18+5 -> 46106 | J18: =H18+2 -> 46108 | L18: =J18+1 -> 46109
A19: 8 | B19: 1007669080 | C19: JUAN DAVID CABALLERO FUENTES | D19: ='3-IMPLEMENTACIÓN - RAP 2'!L19+2 -> 46097 | F19: =D19+4 -> 46101 | H19: =F19+5 -> 46106 | J19: =H19+2 -> 46108 | L19: =J19+1 -> 46109
A20: 9 | B20: 1097782785 | C20: JUAN ESTEBAN BARRIOS BAUTISTA | D20: ='3-IMPLEMENTACIÓN - RAP 2'!L20+2 -> 46097 | F20: =D20+4 -> 46101 | H20: =F20+5 -> 46106 | J20: =H20+2 -> 46108 | L20: =J20+1 -> 46109
A21: 10 | B21: 1005150095 | C21: JUAN SEBASTIAN DURAN CORZO | D21: ='3-IMPLEMENTACIÓN - RAP 2'!L21+2 -> 46097 | F21: =D21+4 -> 46101 | H21: =F21+5 -> 46106 | J21: =H21+2 -> 46108 | L21: =J21+1 -> 46109
A22: 11 | B22: 1102356440 | C22: LEONAR FABIAN ARIZA SOTO | D22: ='3-IMPLEMENTACIÓN - RAP 2'!L22+2 -> 46097 | F22: =D22+4 -> 46101 | H22: =F22+5 -> 46106 | J22: =H22+2 -> 46108 | L22: =J22+1 -> 46109
A23: 12 | B23: 1103672243 | C23: MAIRA ALEJANDRA SIERRA DAVID | D23: ='3-IMPLEMENTACIÓN - RAP 2'!L23+2 -> 46097 | F23: =D23+4 -> 46101 | H23: =F23+5 -> 46106 | J23: =H23+2 -> 46108 | L23: =J23+1 -> 46109
... A26: 15 | B26: 1099736902 | C26: YULVIN SANTIAGO CALDERON SIERRA | D26: ='3-IMPLEMENTACIÓN - RAP 2'!L26+2 -> 46097 | F26: =D26+4 -> 46101 | H26: =F26+5 -> 46106 | J26: =H26+2 -> 46108 | L26: =J26+1 -> 46109

Sheet 5-IMPLEMENTACIÓN - RAP 4
A1: SERVICIO NACIONAL DE APRENDIZAJE REGIONAL SANTANDER - CENTRO DE SERVICIOS EMPRESARIALES Y TURÍSTICOS TECNOLOGÍA EN ANÁLISIS Y DESARROLLO DE SOFTWARE - ADSO DESARROLLAR SOLUCIÓN, CONTROLAR LA CALIDAD E IMPLEMENTAR LA LA SOLUCIÓN DE SOFTWARE 2026
A6: Ficha | B6: 2993128 | C6: To Analisis y Desarrollo de Software | E6: Fase | F6: Evaluación | G6: Instructor | I6: CARLOS EDUARDO PEREZ RUEDA
A7: Competencia | C7: 38356 - Implementar la solución de software de acuerdo con los requisitos de operación y modelos de referencia
A8: Resultado Aprendizaje | C8: 593112 - 04 IMPLANTAR EL SOFTWARE DE ACUERDO CON LOS NIVELES DE SERVICIO ESTABLECIDOS CON EL CLIENTE.
A9: PLAN DE TRABAJO | D9: ACTIVIDAD 1 | F9: ACTIVIDAD 2 | H9: ACTIVIDAD 3 | J9: ACTIVIDAD 4 | L9: ACTIVIDAD 5
D10: Presentación Audiovisual para Ponencia | F10: Estructura Final en Arquitectura Cliente/Servidor | H10: Prueba de Conocimiento | J10: Prueba de Desempeño | L10: Ponencia Parcial de Proyecto
A11: N° | B11: Doc | C11: Nombre | D11: FECHA | E11: A/D | F11: FECHA | G11: A/D | H11: FECHA | I11: A/D | J11: FECHA | K11: A/D | L11: FECHA | M11: A/D
A12: 1 | B12: 1098805906 | C12: CARLOS STIVER JAUREGUI JIMENEZ | D12: ='4-IMPLEMENTACIÓN - RAP 3'!L12+3 -> 46112 | F12: =D12+2 -> 46114 | H12: =F12+2 -> 46116 | J12: =H12+2 -> 46118 | L12: =J12+2 -> 46120
A13: 2 | B13: 1095838804 | C13: DAVID SEBASTIAN MARTINEZ CHAVES | D13: ='4-IMPLEMENTACIÓN - RAP 3'!L13+3 -> 46112 | F13: =D13+2 -> 46114 | H13: =F13+2 -> 46116 | J13: =H13+2 -> 46118 | L13: =J13+2 -> 46120
A14: 3 | B14: 1050547441 | C14: DOYLER AMILKAR LASTRE REINEL | D14: ='4-IMPLEMENTACIÓN - RAP 3'!L14+3 -> 46112 | F14: =D14+2 -> 46114 | H14: =F14+2 -> 46116 | J14: =H14+2 -> 46118 | L14: =J14+2 -> 46120
A15: 4 | B15: 1095814477 | C15: FRANZ ANDERSON VALERO GOMEZ | D15: ='4-IMPLEMENTACIÓN - RAP 3'!L15+3 -> 46112 | F15: =D15+2 -> 46114 | H15: =F15+2 -> 46116 | J15: =H15+2 -> 46118 | L15: =J15+2 -> 46120
A16: 5 | B16: 1004912749 | C16: GERSON LEVI AZA ORTIZ | D16: ='4-IMPLEMENTACIÓN - RAP 3'!L16+3 -> 46112 | F16: =D16+2 -> 46114 | H16: =F16+2 -> 46116 | J16: =H16+2 -> 46118 | L16: =J16+2 -> 46120
A17: 6 | B17: 1097496752 | C17: JHON STEVEN DELGADO MUÑOZ | D17: ='4-IMPLEMENTACIÓN - RAP 3'!L17+3 -> 46112 | F17: =D17+2 -> 46114 | H17: =F17+2 -> 46116 | J17: =H17+2 -> 46118 | L17: =J17+2 -> 46120
A18: 7 | B18: 1097912512 | C18: JHOSEPH SAMUEL MARTINEZ GIL | D18: ='4-IMPLEMENTACIÓN - RAP 3'!L18+3 -> 46112 | F18: =D18+2 -> 46114 | H18: =F18+2 -> 46116 | J18: =H18+2 -> 46118 | L18: =J18+2 -> 46120
A19: 8 | B19: 1007669080 | C19: JUAN DAVID CABALLERO FUENTES | D19: ='4-IMPLEMENTACIÓN - RAP 3'!L19+3 -> 46112 | F19: =D19+2 -> 46114 | H19: =F19+2 -> 46116 | J19: =H19+2 -> 46118 | L19: =J19+2 -> 46120
A20: 9 | B20: 1097782785 | C20: JUAN ESTEBAN BARRIOS BAUTISTA | D20: ='4-IMPLEMENTACIÓN - RAP 3'!L20+3 -> 46112 | F20: =D20+2 -> 46114 | H20: =F20+2 -> 46116 | J20: =H20+2 -> 46118 | L20: =J20+2 -> 46120
A21: 10 | B21: 1005150095 | C21: JUAN SEBASTIAN DURAN CORZO | D21: ='4-IMPLEMENTACIÓN - RAP 3'!L21+3 -> 46112 | F21: =D21+2 -> 46114 | H21: =F21+2 -> 46116 | J21: =H21+2 -> 46118 | L21: =J21+2 -> 46120
A22: 11 | B22: 1102356440 | C22: LEONAR FABIAN ARIZA SOTO | D22: ='4-IMPLEMENTACIÓN - RAP 3'!L22+3 -> 46112 | F22: =D22+2 -> 46114 | H22: =F22+2 -> 46116 | J22: =H22+2 -> 46118 | L22: =J22+2 -> 46120
A23: 12 | B23: 1103672243 | C23: MAIRA ALEJANDRA SIERRA DAVID | D23: ='4-IMPLEMENTACIÓN - RAP 3'!L23+3 -> 46112 | F23: =D23+2 -> 46114 | H23: =F23+2 -> 46116 | J23: =H23+2 -> 46118 | L23: =J23+2 -> 46120
... A26: 15 | B26: 1099736902 | C26: YULVIN SANTIAGO CALDERON SIERRA | D26: ='4-IMPLEMENTACIÓN - RAP 3'!L26+3 -> 46112 | F26: =D26+2 -> 46114 | H26: =F26+2 -> 46116 | J26: =H26+2 -> 46118 | L26: =J26+2 -> 46120

Sheet 6-CONTROLAR LA CALIDAD - RAP 2
A1: SERVICIO NACIONAL DE APRENDIZAJE REGIONAL SANTANDER - CENTRO DE SERVICIOS EMPRESARIALES Y TURÍSTICOS TECNOLOGÍA EN ANÁLISIS Y DESARROLLO DE SOFTWARE - ADSO DESARROLLAR SOLUCIÓN, CONTROLAR LA CALIDAD E IMPLEMENTAR LA LA SOLUCIÓN DE SOFTWARE 2026
A6: Ficha | B6: 2993128 | C6: To Analisis y Desarrollo de Software | E6: Fase | F6: Evaluación | G6: Instructor | I6: CARLOS EDUARDO PEREZ RUEDA
A7: Competencia | C7: 38369 - Controlar la calidad del servicio de software de acuerdo con los estándares técnicos
A8: Resultado Aprendizaje | C8: 593144 - 02 VERIFICAR LA CALIDAD DEL SOFTWARE DE ACUERDO CON LAS PRÁCTICAS ASOCIADAS EN LOS PROCESOS DE DESARROLLO.
A9: PLAN DE TRABAJO | D9: ACTIVIDAD 1 | F9: ACTIVIDAD 2 | H9: ACTIVIDAD 3 | J9: ACTIVIDAD 4 | L9: ACTIVIDAD 5
D10: Informe de calidad norma IEEE830 | F10: Informe de UX | H10: Prueba de Desempeño | J10: Prueba de Conocimiento | L10: Proyecto final con toda la documentacion
A11: N° | B11: Doc | C11: Nombre | D11: FECHA | E11: A/D | F11: FECHA | G11: A/D | H11: FECHA | I11: A/D | J11: FECHA | K11: A/D | L11: FECHA | M11: A/D
A12: 1 | B12: 1098805906 | C12: CARLOS STIVER JAUREGUI JIMENEZ | D12: ='5-IMPLEMENTACIÓN - RAP 4'!L12+1 -> 46121 | F12: =D12+4 -> 46125 | H12: =F12+3 -> 46128 | J12: =H12+1 -> 46129 | L12: =J12+1 -> 46130
A13: 2 | B13: 1095838804 | C13: DAVID SEBASTIAN MARTINEZ CHAVES | D13: ='5-IMPLEMENTACIÓN - RAP 4'!L13+1 -> 46121 | F13: =D13+4 -> 46125 | H13: =F13+3 -> 46128 | J13: =H13+1 -> 46129 | L13: =J13+1 -> 46130
A14: 3 | B14: 1050547441 | C14: DOYLER AMILKAR LASTRE REINEL | D14: ='5-IMPLEMENTACIÓN - RAP 4'!L14+1 -> 46121 | F14: =D14+4 -> 46125 | H14: =F14+3 -> 46128 | J14: =H14+1 -> 46129 | L14: =J14+1 -> 46130
A15: 4 | B15: 1095814477 | C15: FRANZ ANDERSON VALERO GOMEZ | D15: ='5-IMPLEMENTACIÓN - RAP 4'!L15+1 -> 46121 | F15: =D15+4 -> 46125 | H15: =F15+3 -> 46128 | J15: =H15+1 -> 46129 | L15: =J15+1 -> 46130
A16: 5 | B16: 1004912749 | C16: GERSON LEVI AZA ORTIZ | D16: ='5-IMPLEMENTACIÓN - RAP 4'!L16+1 -> 46121 | F16: =D16+4 -> 46125 | H16: =F16+3 -> 46128 | J16: =H16+1 -> 46129 | L16: =J16+1 -> 46130
A17: 6 | B17: 1097496752 | C17: JHON STEVEN DELGADO MUÑOZ | D17: ='5-IMPLEMENTACIÓN - RAP 4'!L17+1 -> 46121 | F17: =D17+4 -> 46125 | H17: =F17+3 -> 46128 | J17: =H17+1 -> 46129 | L17: =J17+1 -> 46130
A18: 7 | B18: 1097912512 | C18: JHOSEPH SAMUEL MARTINEZ GIL | D18: ='5-IMPLEMENTACIÓN - RAP 4'!L18+1 -> 46121 | F18: =D18+4 -> 46125 | H18: =F18+3 -> 46128 | J18: =H18+1 -> 46129 | L18: =J18+1 -> 46130
A19: 8 | B19: 1007669080 | C19: JUAN DAVID CABALLERO FUENTES | D19: ='5-IMPLEMENTACIÓN - RAP 4'!L19+1 -> 46121 | F19: =D19+4 -> 46125 | H19: =F19+3 -> 46128 | J19: =H19+1 -> 46129 | L19: =J19+1 -> 46130
A20: 9 | B20: 1097782785 | C20: JUAN ESTEBAN BARRIOS BAUTISTA | D20: ='5-IMPLEMENTACIÓN - RAP 4'!L20+1 -> 46121 | F20: =D20+4 -> 46125 | H20: =F20+3 -> 46128 | J20: =H20+1 -> 46129 | L20: =J20+1 -> 46130
A21: 10 | B21: 1005150095 | C21: JUAN SEBASTIAN DURAN CORZO | D21: ='5-IMPLEMENTACIÓN - RAP 4'!L21+1 -> 46121 | F21: =D21+4 -> 46125 | H21: =F21+3 -> 46128 | J21: =H21+1 -> 46129 | L21: =J21+1 -> 46130
A22: 11 | B22: 1102356440 | C22: LEONAR FABIAN ARIZA SOTO | D22: ='5-IMPLEMENTACIÓN - RAP 4'!L22+1 -> 46121 | F22: =D22+4 -> 46125 | H22: =F22+3 -> 46128 | J22: =H22+1 -> 46129 | L22: =J22+1 -> 46130
A23: 12 | B23: 1103672243 | C23: MAIRA ALEJANDRA SIERRA DAVID | D23: ='5-IMPLEMENTACIÓN - RAP 4'!L23+1 -> 46121 | F23: =D23+4 -> 46125 | H23: =F23+3 -> 46128 | J23: =H23+1 -> 46129 | L23: =J23+1 -> 46130
... A26: 15 | B26: 1099736902 | C26: YULVIN SANTIAGO CALDERON SIERRA | D26: ='5-IMPLEMENTACIÓN - RAP 4'!L26+1 -> 46121 | F26: =D26+4 -> 46125 | H26: =F26+3 -> 46128 | J26: =H26+1 -> 46129 | L26: =J26+1 -> 46130

Sheet 7-CONTROLAR LA CALIDAD - RAP 1
A1: SERVICIO NACIONAL DE APRENDIZAJE REGIONAL SANTANDER - CENTRO DE SERVICIOS EMPRESARIALES Y TURÍSTICOS TECNOLOGÍA EN ANÁLISIS Y DESARROLLO DE SOFTWARE - ADSO DESARROLLAR SOLUCIÓN, CONTROLAR LA CALIDAD E IMPLEMENTAR LA LA SOLUCIÓN DE SOFTWARE 2026
A6: Ficha | B6: 2993128 | C6: To Analisis y Desarrollo de Software | E6: Fase | F6: Evaluación | G6: Instructor | I6: CARLOS EDUARDO PEREZ RUEDA
A7: Competencia | C7: 38369 - Controlar la calidad del servicio de software de acuerdo con los estándares técnicos
A8: Resultado Aprendizaje | C8: 593146 - 01 INCORPORAR ACTIVIDADES DE ASEGURAMIENTO DE LA CALIDAD DEL SOFTWARE DE ACUERDO CON ESTÁNDARES DE LA INDUSTRIA.
A9: PLAN DE TRABAJO | D9: ACTIVIDAD 1 | F9: ACTIVIDAD 2 | H9: ACTIVIDAD 3 | J9: ACTIVIDAD 4 | L9: ACTIVIDAD 5
D10: Planeación Plan de Mantenimiento y Garantía de Producto Entregable | F10: Diseño y diligenciamiento de instrumentos para documentar procesos de calidad del software. | H10: Prueba de Desempeño | J10: Prueba de Conocimiento | L10: Ponencia Parcial de Proyecto
A11: N° | B11: Doc | C11: Nombre | D11: FECHA | E11: A/D | F11: FECHA | G11: A/D | H11: FECHA | I11: A/D | J11: FECHA | K11: A/D | L11: FECHA | M11: A/D
A12: 1 | B12: 1098805906 | C12: CARLOS STIVER JAUREGUI JIMENEZ | D12: ='6-CONTROLAR LA CALIDAD - RAP 2'!L12+2 -> 46132 | F12: =D12+2 -> 46134 | H12: =F12+1 -> 46135 | J12: =H12+1 -> 46136 | L12: =J12+1 -> 46137
A13: 2 | B13: 1095838804 | C13: DAVID SEBASTIAN MARTINEZ CHAVES | D13: ='6-CONTROLAR LA CALIDAD - RAP 2'!L13+2 -> 46132 | F13: =D13+2 -> 46134 | H13: =F13+1 -> 46135 | J13: =H13+1 -> 46136 | L13: =J13+1 -> 46137
A14: 3 | B14: 1050547441 | C14: DOYLER AMILKAR LASTRE REINEL | D14: ='6-CONTROLAR LA CALIDAD - RAP 2'!L14+2 -> 46132 | F14: =D14+2 -> 46134 | H14: =F14+1 -> 46135 | J14: =H14+1 -> 46136 | L14: =J14+1 -> 46137
A15: 4 | B15: 1095814477 | C15: FRANZ ANDERSON VALERO GOMEZ | D15: ='6-CONTROLAR LA CALIDAD - RAP 2'!L15+2 -> 46132 | F15: =D15+2 -> 46134 | H15: =F15+1 -> 46135 | J15: =H15+1 -> 46136 | L15: =J15+1 -> 46137
A16: 5 | B16: 1004912749 | C16: GERSON LEVI AZA ORTIZ | D16: ='6-CONTROLAR LA CALIDAD - RAP 2'!L16+2 -> 46132 | F16: =D16+2 -> 46134 | H16: =F16+1 -> 46135 | J16: =H16+1 -> 46136 | L16: =J16+1 -> 46137
A17: 6 | B17: 1097496752 | C17: JHON STEVEN DELGADO MUÑOZ | D17: ='6-CONTROLAR LA CALIDAD - RAP 2'!L17+2 -> 46132 | F17: =D17+2 -> 46134 | H17: =F17+1 -> 46135 | J17: =H17+1 -> 46136 | L17: =J17+1 -> 46137
A18: 7 | B18: 1097912512 | C18: JHOSEPH SAMUEL MARTINEZ GIL | D18: ='6-CONTROLAR LA CALIDAD - RAP 2'!L18+2 -> 46132 | F18: =D18+2 -> 46134 | H18: =F18+1 -> 46135 | J18: =H18+1 -> 46136 | L18: =J18+1 -> 46137
A19: 8 | B19: 1007669080 | C19: JUAN DAVID CABALLERO FUENTES | D19: ='6-CONTROLAR LA CALIDAD - RAP 2'!L19+2 -> 46132 | F19: =D19+2 -> 46134 | H19: =F19+1 -> 46135 | J19: =H19+1 -> 46136 | L19: =J19+1 -> 46137
A20: 9 | B20: 1097782785 | C20: JUAN ESTEBAN BARRIOS BAUTISTA | D20: ='6-CONTROLAR LA CALIDAD - RAP 2'!L20+2 -> 46132 | F20: =D20+2 -> 46134 | H20: =F20+1 -> 46135 | J20: =H20+1 -> 46136 | L20: =J20+1 -> 46137
A21: 10 | B21: 1005150095 | C21: JUAN SEBASTIAN DURAN CORZO | D21: ='6-CONTROLAR LA CALIDAD - RAP 2'!L21+2 -> 46132 | F21: =D21+2 -> 46134 | H21: =F21+1 -> 46135 | J21: =H21+1 -> 46136 | L21: =J21+1 -> 46137
A22: 11 | B22: 1102356440 | C22: LEONAR FABIAN ARIZA SOTO | D22: ='6-CONTROLAR LA CALIDAD - RAP 2'!L22+2 -> 46132 | F22: =D22+2 -> 46134 | H22: =F22+1 -> 46135 | J22: =H22+1 -> 46136 | L22: =J22+1 -> 46137
A23: 12 | B23: 1103672243 | C23: MAIRA ALEJANDRA SIERRA DAVID | D23: ='6-CONTROLAR LA CALIDAD - RAP 2'!L23+2 -> 46132 | F23: =D23+2 -> 46134 | H23: =F23+1 -> 46135 | J23: =H23+1 -> 46136 | L23: =J23+1 -> 46137
... A26: 15 | B26: 1099736902 | C26: YULVIN SANTIAGO CALDERON SIERRA | D26: ='6-CONTROLAR LA CALIDAD - RAP 2'!L26+2 -> 46132 | F26: =D26+2 -> 46134 | H26: =F26+1 -> 46135 | J26: =H26+1 -> 46136 | L26: =J26+1 -> 46137

Sheet 8-CONTROLAR LA CALIDAD - RAP 3
C1: SERVICIO NACIONAL DE APRENDIZAJE REGIONAL SANTANDER - CENTRO DE SERVICIOS EMPRESARIALES Y TURÍSTICOS TECNOLOGÍA EN ANÁLISIS Y DESARROLLO DE SOFTWARE - ADSO DESARROLLAR SOLUCIÓN, CONTROLAR LA CALIDAD E IMPLEMENTAR LA LA SOLUCIÓN DE SOFTWARE 2026
A5: Ficha | B5: 2993128 | C5: To Analisis y Desarrollo de Software | E5: Fase | F5: Evaluación | G5: Instructor | I5: CARLOS EDUARDO PEREZ RUEDA
A6: Competencia | C6: 38369 - Controlar la calidad del servicio de software de acuerdo con los estándares técnicos
A7: Resultado Aprendizaje | C7: 593145 - 03 REALIZAR ACTIVIDADES DE MEJORA DE LA CALIDAD DEL SOFTWARE A PARTIR DE LOS RESULTADOS DE LA VERIFICACIÓN.
A8: PLAN DE TRABAJO | D8: ACTIVIDAD 1 | F8: ACTIVIDAD 2 | H8: ACTIVIDAD 3 | J8: ACTIVIDAD 4 | L8: ACTIVIDAD 5
D9: Realizar ajustes en los procesos de desarrollo. | F9: Documento con las verificaciones de condiciones de calidad del producto de software ajustado. | H9: Diseño y diligenciamiento de instrumentos para documentar procesos de calidad del software. | J9: Evidencias de producto: Bitácoras con los procesos documentados. | L9: Ponencia Final Proyecto
A10: N° | B10: Doc | C10: Nombre | D10: FECHA | E10: A/D | F10: FECHA | G10: A/D | H10: FECHA | I10: A/D | J10: FECHA | K10: A/D | L10: FECHA | M10: A/D
A11: 1 | B11: 1098805906 | C11: CARLOS STIVER JAUREGUI JIMENEZ | D11: ='7-CONTROLAR LA CALIDAD - RAP 1'!L12+2 -> 46139 | F11: =D11+20 -> 46159 | H11: =F11+1 -> 46160 | J11: =H11+2 -> 46162 | L11: =J11+2 -> 46164
A12: 2 | B12: 1095838804 | C12: DAVID SEBASTIAN MARTINEZ CHAVES | D12: ='7-CONTROLAR LA CALIDAD - RAP 1'!L13+2 -> 46139 | F12: =D12+20 -> 46159 | H12: =F12+1 -> 46160 | J12: =H12+2 -> 46162 | L12: =J12+2 -> 46164
A13: 3 | B13: 1050547441 | C13: DOYLER AMILKAR LASTRE REINEL | D13: ='7-CONTROLAR LA CALIDAD - RAP 1'!L14+2 -> 46139 | F13: =D13+20 -> 46159 | H13: =F13+1 -> 46160 | J13: =H13+2 -> 46162 | L13: =J13+2 -> 46164
A14: 4 | B14: 1095814477 | C14: FRANZ ANDERSON VALERO GOMEZ | D14: ='7-CONTROLAR LA CALIDAD - RAP 1'!L15+2 -> 46139 | F14: =D14+20 -> 46159 | H14: =F14+1 -> 46160 | J14: =H14+2 -> 46162 | L14: =J14+2 -> 46164
A15: 5 | B15: 1004912749 | C15: GERSON LEVI AZA ORTIZ | D15: ='7-CONTROLAR LA CALIDAD - RAP 1'!L16+2 -> 46139 | F15: =D15+20 -> 46159 | H15: =F15+1 -> 46160 | J15: =H15+2 -> 46162 | L15: =J15+2 -> 46164
A16: 6 | B16: 1097496752 | C16: JHON STEVEN DELGADO MUÑOZ | D16: ='7-CONTROLAR LA CALIDAD - RAP 1'!L17+2 -> 46139 | F16: =D16+20 -> 46159 | H16: =F16+1 -> 46160 | J16: =H16+2 -> 46162 | L16: =J16+2 -> 46164
A17: 7 | B17: 1097912512 | C17: JHOSEPH SAMUEL MARTINEZ GIL | D17: ='7-CONTROLAR LA CALIDAD - RAP 1'!L18+2 -> 46139 | F17: =D17+20 -> 46159 | H17: =F17+1 -> 46160 | J17: =H17+2 -> 46162 | L17: =J17+2 -> 46164
A18: 8 | B18: 1007669080 | C18: JUAN DAVID CABALLERO FUENTES | D18: ='7-CONTROLAR LA CALIDAD - RAP 1'!L19+2 -> 46139 | F18: =D18+20 -> 46159 | H18: =F18+1 -> 46160 | J18: =H18+2 -> 46162 | L18: =J18+2 -> 46164
A19: 9 | B19: 1097782785 | C19: JUAN ESTEBAN BARRIOS BAUTISTA | D19: ='7-CONTROLAR LA CALIDAD - RAP 1'!L20+2 -> 46139 | F19: =D19+20 -> 46159 | H19: =F19+1 -> 46160 | J19: =H19+2 -> 46162 | L19: =J19+2 -> 46164
A20: 10 | B20: 1005150095 | C20: JUAN SEBASTIAN DURAN CORZO | D20: ='7-CONTROLAR LA CALIDAD - RAP 1'!L21+2 -> 46139 | F20: =D20+20 -> 46159 | H20: =F20+1 -> 46160 | J20: =H20+2 -> 46162 | L20: =J20+2 -> 46164
A21: 11 | B21: 1102356440 | C21: LEONAR FABIAN ARIZA SOTO | D21: ='7-CONTROLAR LA CALIDAD - RAP 1'!L22+2 -> 46139 | F21: =D21+20 -> 46159 | H21: =F21+1 -> 46160 | J21: =H21+2 -> 46162 | L21: =J21+2 -> 46164
A22: 12 | B22: 1103672243 | C22: MAIRA ALEJANDRA SIERRA DAVID | D22: ='7-CONTROLAR LA CALIDAD - RAP 1'!L23+2 -> 46139 | F22: =D22+20 -> 46159 | H22: =F22+1 -> 46160 | J22: =H22+2 -> 46162 | L22: =J22+2 -> 46164
... A25: 15 | B25: 1099736902 | C25: YULVIN SANTIAGO CALDERON SIERRA | D25: ='7-CONTROLAR LA CALIDAD - RAP 1'!L26+2 -> 46139 | F25: =D25+20 -> 46159 | H25: =F25+1 -> 46160 | J25: =H25+2 -> 46162 | L25: =J25+2 -> 46164

Sheet PLAN RAPS ÚLTIMO TRIMESTRE ADSO
A1: # | B1: COMPETENCIA | C1: ORDEN | D1: RAP | E1: ACTIVIDADES PLAN DE TRABAJO EVIDENCIAS
A2: 1 | B2: 38368 - DESARROLLAR LA SOLUCIÓN DE SOFTWARE DE ACUERDO CON EL DISEÑO Y METODOLOGÍAS DE DESARROLLO | C2: 3 | D2: 593105 - 05 REALIZAR PRUEBAS AL SOFTWARE PARA VERIFICAR SU FUNCIONALIDAD. | E2: Planeación de Pruebas
E3: Pruebas de Caja Negra
E4: Pruebas de Caja Blanca
E5: Informe de Elaboración y Resultado de Pruebas
A6: 2 | B6: 38356 - Implementar la solución de software de acuerdo con los requisitos de operación y modelos de referencia | C6: 3 | D6: 593109 - 03 DOCUMENTAR EL PROCESO DE IMPLANTACIÓN DE SOFTWARE SIGUIENDO ESTÁNDARES DE CALIDAD. | E6: Evidencias de desempeño: Diseñar plan de mantenimiento y soporte del software.
E7: Evidencias de producto: Documentar la Presentación para Ponencia Parcial
E8: Evidencias de producto: Elabora documentos técnicos y de usuario del software.
C9: 2 | D9: 593110 - 02 DESPLEGAR EL SOFTWARE DE ACUERDO CON LA ARQUITECTURA Y LAS POLÍTICAS ESTABLECIDAS. | E9: Evidencia de conocimiento: Conceptos y principios acerca de configuración se servicios.
E10: Evidencia de desempeño: Realiza la configuración de servicios, bases de datos y software en el equipo del cliente.
E11: Evidencias de producto: Archivos cargados en la plataforma de producción.
E12: Evidencia de desempeño: Realización de pruebas de funcionalidad del software.
C13: 1 | D13: 593111 - 01 PLANEAR ACTIVIDADES DE IMPLANTACIÓN DEL SOFTWARE DE ACUERDO CON LAS CONDICIONES DEL SISTEMA. | E13: Evidencia de conocimiento: Conceptos y principios de hardware e instalación de software.
E14: Evidencia de desempeño: Elaborar plan de validación de características mínimas de hardware para el software.
E15: Evidencias de producto: Software instalado en la plataforma del cliente.
C16: 4 | D16: 593112 - 04 IMPLANTAR EL SOFTWARE DE ACUERDO CON LOS NIVELES DE SERVICIO ESTABLECIDOS CON EL CLIENTE. | E16: Evidencias de producto: Elabora el manual de usuario de acuerdo con las funcionalidades del software.
E17: Evidencias de desempeño: Elabora plan de capacitación y realización de pruebas de aceptación del cliente.
E18: Evidencias de producto: Documentación plan de capacitación y acta de entrega del proyecto de software.
A19: 3 | B19: 38369 - Controlar la calidad del servicio de software de acuerdo con los estándares técnicos | C19: 2 | D19: 593144 - 02 VERIFICAR LA CALIDAD DEL SOFTWARE DE ACUERDO CON LAS PRÁCTICAS ASOCIADAS EN LOS PROCESOS DE DESARROLLO. | E19: Evidencias de desempeño: Creación de informe con los resultados del comportamiento del software.
E20: Evidencias de producto: Realizar informe de las experiencias aprendidas en el proceso de verificación del software.
C21: 3 | D21: 593145 - 03 REALIZAR ACTIVIDADES DE MEJORA DE LA CALIDAD DEL SOFTWARE A PARTIR DE LOS RESULTADOS DE LA VERIFICACIÓN. | E21: Evidencias de desempeño: Realiza ajustes en los procesos de desarrollo.
E22: Evidencias de producto: Documento con las verificaciones de condiciones de calidad del producto de software ajustado.
C23: 1 | D23: 593146 - 01 INCORPORAR ACTIVIDADES DE ASEGURAMIENTO DE LA CALIDAD DEL SOFTWARE DE ACUERDO CON ESTÁNDARES DE LA INDUSTRIA. | E23: Evidencias de conocimiento: Infografía procesos de desarrollo del software.
E24: Evidencias de desempeño: Aplicación de buenas prácticas de calidad documentadas en las disciplinas de calidad de software.
E25: Evidencias de desempeño: Diseño y diligenciamiento de instrumentos para documentar procesos de calidad del software.
E26: Evidencias de producto: Bitácoras con los procesos documentados.

Sheet Hoja1
